Brand	Email	Quality	Source	Context
Plaid Crafts	community@plaidonline.com	General	https://plaidonline.com/news-releases	our brands? Let’s create together! We’re always excited to connect with new artists, makers, educators, brands, and share exclusive content along the way. Let’s chat:&nbsp; community@plaidonline.com <input name="product_id" type="hidden"
Wayfair	influencers@wayfair.com	Creator/Partnership	https://influencers.wayfair.com/connect/	on the products you love."},{"Name":"FooterTermsOfUseLinkText","Value":"Creator Program Terms"},{"Name":"FooterTermsOfUseLink","Value":"https://influencers.wayfair.com/connect/#Terms"},{"Name":"FooterHelpLink","Value":"influencers@wayfair.com"},{"Name":"SubPagesEnabled","Value":"1"},{"Name":"HomepageTitle","Value":"join our creator community"},{"Na
Wayfair	influencer@wayfair.com	Creator/Partnership	https://influencers.wayfair.com/connect/	:"Wayfair Creator Program"},{"Name":"MetaTitle","Value":"Wayfair Creator Program"},{"Name":"FooterPrivacyPolicyLink","Value":"https://www.wayfair.com/terms?section=privacy-policy"},{"Name":"FooterContactUsLink","Value":"influencer@wayfair.com"},{"Name":"LinkAccountsEnabled","Value":"1"},{"Name":"TextCopy","Value":" Connect as many accounts as possi
Wayfair	support@creatoriq.com	Creator/Partnership	https://influencers.wayfair.com/connect/	may take 120\\u2013150 days from the transaction date \\n to be approved and available for withdrawal.\\n \\n\\n Who do I contact for account support? \\n \\n Please email support@creatoriq.com \\n for assistance with account-related questions.\\n \\n\\n \\n\\n \\n Wayfair Creator Program Terms of Use<\
Wayfair	allmoderncreators@wayfair.com	Creator/Partnership	https://influencers.wayfair.com/connect/	le=\\\"margin:0 0 0 18pt;padding-left:18pt;\\\">\\n wcp@wayfair.com \\n allmoderncreators@wayfair.com \\n birchlanecreators@wayfair.com \\n jossandmaincreators@wayfair
Wayfair	birchlanecreators@wayfair.com	Creator/Partnership	https://influencers.wayfair.com/connect/	ustify;\\\">wcp@wayfair.com \\n allmoderncreators@wayfair.com \\n birchlanecreators@wayfair.com \\n jossandmaincreators@wayfair.com \\n perigoldcreators
Wayfair	jossandmaincreators@wayfair.com	Creator/Partnership	https://influencers.wayfair.com/connect/	lmoderncreators@wayfair.com \\n birchlanecreators@wayfair.com \\n jossandmaincreators@wayfair.com \\n perigoldcreators@wayfair.com \\n \\n \\n <li style=\\\"margin:0;line-height:1.38;text-align:justif
Wayfair	perigoldcreators@wayfair.com	Creator/Partnership	https://influencers.wayfair.com/connect/	tors@wayfair.com \\n jossandmaincreators@wayfair.com \\n perigoldcreators@wayfair.com \\n \\n \\n \\n By mail to: Wayfair LLC, Attn: Creator Program Support, 4 Copley Place, Boston, MA 02116\\n \
Wayfair	wcp@wayfair.com	General	https://influencers.wayfair.com/connect/	ium=link2&utm_source=uniquelinks&utm_id=h791f88dcdb\\\" target=\\\"_blank\\\">\\n Storefronts Guide\\n .\\n \\n\\n \\n Contact us at \\n wcp@wayfair.com \\n and include \\u201cWayfair Creator Program Help\\u201d in the subject line.\\n \\n\\n \",\"BackgroundColor\":\"#ffffff\",\"BackgroundType\":\"Color\",\"CustomCSS\":\"\\/* G
Benjamin Moore	pressrequests@benjaminmoore.com	PR/Marketing	https://www.benjaminmoore.com/en-ca/press/benjamin-moore-fifth-annual-contractor-appreciation-month	targeted page
Benjamin Moore	info@benjaminmoore.com	General	https://www.benjaminmoore.com/en-us/contact-us	official website
Benjamin Moore	info@benjaminmoore.ca	General	https://www.benjaminmoore.com/en-ca/contact-us	Corporate Headquarters Benjamin Moore &amp; Co. 101 Paragon Drive Montvale, NJ 07645 USA You can also email us at info@benjaminmoore.ca or check out our FAQ . <footer id="global-nav-footer" aria-label="Gl
Benjamin Moore	onlinestoresupport@benjaminmoore.com	Customer Support	https://www.benjaminmoore.com/en-us	official website
Fredesigner	support@fredesigner.com	Customer Support	https://www.fredesigner.com/pages/press	a-shs-beacon-endpoint="https://www.fredesigner.com/api/collect" > {"greetingMessage":"Welcome to Fredesigner. How can I help?","customerServiceEmail":"support@fredesigner.com","onlineStorePasswordProtected":false,"translations":[{"key":"agent_chat.panel.open_chat","value":"Open chat"},{"key":"agent_chat.panel.ask_anything","value":"Ask anything"},{
IKEA	press.us@ikea.com	PR/Marketing	https://www.ikea.com/us/en/newsroom/	dia inquiries, please reach out to us. If you are looking for IKEA Group images to use for non-commercial reasons in newspapers and magazines, please contact our press contact listed below. Email: press.us@ikea.com Phone: 1-866-329-4532 Follow us: @ikeaUSANews If you are not a member of the Press and need customer service assistance, please <a href
Ruggable	support@ruggable.co.uk	Customer Support	https://ruggable.co.uk/	official website
Wallpaperdirect	help@wallpaperdirect.com	Customer Support	https://blog.wallpaperdirect.com/fruit-wallpaper-design-the-new-still-life/	official website
Article	collaborations@article.com	Creator/Partnership	https://www.article.com/c/contact-us	official website
Article	press@article.com	PR/Marketing	https://www.article.com/c/contact-us	official website
Article	info@article.com	General	https://www.article.com/c/contact-us	official website
Article	service@article.com	Customer Support	https://www.article.com/c/contact-us	official website
Article	design@article.com	Customer Support	https://www.article.com/c/contact-us	official website
Article	trade@article.com	Customer Support	https://www.article.com/c/contact-us	official website
Burrow	trade@burrow.com	General	https://burrow.com/trade-partners	s="_14wjpdi1k _14wjpdi1d _14wjpdi1i _1eel6vq59" data-testid="hero-subtitle">Tell us a few details about yourself, your work, and your needs and we’ll have our partnerships team reach out with the details. Chat with us - trade@burrow.com JOIN THE PROGRAM <
Burrow	support@burrow.com	Customer Support	https://burrow.com/collections/credenzas-media-storage	targeted page
Crate & Barrel	mediainquiries@crateandbarrel.com	PR/Marketing	https://www.crateandbarrel.com/about-crate-and-barrel	py-sub crate-bold " style="margin-bottom:0 ">Media Inquiries For all press and partnership inquiries, contact mediainquiries@crateandbarrel.com. Contact Center <p class=
HAY	hay@hay.com	General	https://www.hay.com/footer/contact	OFFICE HAY APS NYHAVN 20 1051 COPENHAGEN K OFFICE HAY APS HAVNEN 3 8700 HORSENS +45 3164 6000 [email&#160;protected] <div class="block columns-3 small-12 medium-4 large-3 generalbrandsite
HAY	office.de@hay.com	General	https://www.hay.com/footer/contact	ta-image-width="4500" data-image-height="4500" > REPRESENTATIVE +45 3164 6000 <a href="/cdn-cgi/l/email-protection#a9c6c
HAY	office.ch@hay.com	General	https://www.hay.com/footer/contact	OFFICE &amp; SHOWROOM LESSINGSTRASSE 15 8002 Z&Uuml;RICH &nbsp; +41 76 610 82 88 [email&#160;protected] &nb
HAY	office.nl@hay.com	General	https://www.hay.com/footer/contact	OFFICE &amp; SHOWROOM DERDE OOSTERPARKSTRAAT 201 1092 CZ AMSTERDAM +31 208013310 [email&#160;protected] </p
HAY	office.be@hay.com	General	https://www.hay.com/footer/contact	OFFICE &amp; SHOWROOM NASSAUSTRAAT 37-41 2000 ANTWERP BELGIUM &nbsp; +32 32943121 [email&#160;protected] &nb
HAY	office.pt@hay.com	General	https://www.hay.com/footer/contact	umns" data-image-width="4500" data-image-height="4500" > REPRESENTATIVE +45 3164 6000 <a title="Email to office.pt@hay.com" href
HAY	office.it@hay.com	General	https://www.hay.com/footer/contact	columns" data-image-width="4500" data-image-height="4500" > REPRESENTATIVE +45 3164 6000 <a title="Email to
HAY	hay.greece@hay.com	General	https://www.hay.com/footer/contact	olumns" data-image-width="4500" data-image-height="4500" > REPRESENTATIVE +45 3164 6000 <a href="/cdn-cgi/l/email-protection#177f7
Joybird	press@joybird.com	PR/Marketing	https://joybird.com/press/	targeted page
Kartell	cs-mykartell@home.pdf	General	https://www.kartell.com/it/it/ktit/st/press-release	3e3fqq6kzpqdh.cloudfront.net/it/pressrelease/CS-Extrasalone.pdf"target="_blank" class="download-item">Extrasalone 2023 Apr 2023 MyKartell@Home Apr 2023 My Kartell
Muuto	press@muuto.com	PR/Marketing	https://www.muuto.com/content/contact2/	rdion-7b2ae009-content" aria-labelledby="accordion-7b2ae009-trigger" aria-hidden="true"> Please&nbsp;write to&nbsp; press@muuto.com to contact our PR Team! <dl class="ac
Muuto	claims@muuto.com	General	https://www.muuto.com/content/contact2/	rdion-929794af-content" aria-labelledby="accordion-929794af-trigger" aria-hidden="true"> Please&nbsp;write to&nbsp; claims@muuto.com to contact our Claims Department! <d
Muuto	accounting@muuto.com	General	https://www.muuto.com/content/contact2/	ntent" aria-labelledby="accordion-8b89bc1c-trigger" aria-hidden="true"> Please write to&nbsp; accounting@muuto.com to contact our Accounting Department! <accordion-item data-accordion-id="accordion-edae11
Muuto	customercare@muuto.com	Customer Support	https://www.muuto.com/content/contact2/	aria-labelledby="accordion-c699860c-trigger" aria-hidden="true"> To reach our Customer Care Department, please email&nbsp; customercare@muuto.com . For inquiries from the US, please use&nbsp; USCustomerCare@muuto.com . Kindly include the following details in your email: - Your country of residence - Your inquiry or
Muuto	uscustomercare@muuto.com	Customer Support	https://www.muuto.com/content/contact2/	To reach our Customer Care Department, please email&nbsp; customercare@muuto.com . For inquiries from the US, please use&nbsp; USCustomerCare@muuto.com . Kindly include the following details in your email: - Your country of residence - Your inquiry or request for assistance - A link to the specific product (if applicable to your query)
Sixpenny	hello@sixpenny.com	General	https://sixpenny.com/pages/press	utOfStockLabel": "This product is made to order. Estimated delivery: 10-12 weeks.", "outOfStockSlipcover": "This product is made to order. Estimated delivery: 10-12 weeks. For expedited delivery options, please email hello@sixpenny.com.", "inStockLabel": "This product is ready to ship. Estimated delivery: 2-3 weeks.", "emptySlipcover": "The item yo
West Elm	customerservice@westelm.com	Customer Support	https://www.westelm.com/customer-service/email-us/?cm_re=GlobalLinks-_-Footer-_-ContactUs	m/", "https://en.wikipedia.org/wiki/Williams_Sonoma", "https://www.tiktok.com/@westelm" ], "address": { "@type": "PostalAddress", "addressCountry": "United States" }, "contactPoint": { "@type": "ContactPoint", "email": "customerservice@westelm.com", "contactType": "Customer Service" } } ] Customer Service | West Elm <link rel="icon"
Artemide	press@artemide.com	PR/Marketing	https://www.artemide.com/en/press	tacts__country">All other Countries Artemide Press Office press@artemide.com <div class="press__downloads d-flex flex-
Artemide	marketing@artemide.com	PR/Marketing	https://www.artemide.com/contacts-locator	) 02/93526.1", "(Numero Verde) 800-834093" ], "website": "" }, { "address": "Via Canova 34 - 20145 - Milan, Italy", "country": "ITALIA", "department": "Artemide S.p.A.", "email": [ "marketing@artemide.com" ], "fax": [ "(+39) 02/3453821.1" ], "office": "Marketing Department", "phone": [ "(+39) 02/93526.1" ], "website": "" }, { "address": "PMC Bldg. 
Artemide	artemide@camronglobal.com	General	https://www.artemide.com/en/press	__address"> Via Vincenzo Monti 15 20123 Milan - Italy +39 02 56569630 artemide@camronglobal.com USA and Canada &nbsp;
Artemide	info.dubai@artemide.com	General	https://www.artemide.com/contacts-locator	nst artemideMiddleEast = { "address": "Building 6 - 3rd Floor - Offices A307 Dubai Design District (D3) Dubai United Arab Emirates", "country": "", "department": "Artemide Middle East", "email": [ "info.dubai@artemide.com" ], "fax": [], "office": "Representative Office", "phone": ["+971 4 425 0213"], "website": "" }; const headquartersOffices = [ {
Artemide	mail@artemidehub.com	General	https://www.artemide.com/contacts-locator	: "Representative Office", "phone": ["+971 4 425 0213"], "website": "" }; const headquartersOffices = [ { "address": "", "country": "ALBANIA", "department": "Artemide HUB", "email": [ "mail@artemidehub.com" ], "fax": [], "office": "", "phone": [ "+381 66 8881327" ], "website": "" }, {...artemideMiddleEast, "country": "ALGERIA"}, { "address": "Rua d
Artemide	geral@foton.pt	General	https://www.artemide.com/contacts-locator	"website": "" }, {...artemideMiddleEast, "country": "ALGERIA"}, { "address": "Rua da Garagem 3, 2794-021 Carnaxide", "country": "ANGOLA", "department": "Foton Illuminaçao Ltda", "email": [ "geral@foton.pt" ], "fax": [], "office": "Representative Office", "phone": [ "+351 21 416-90-70" ], "website": "" }, { "address": "Paraguay 792 3° Piso, 1057 Bue
Artemide	nsw@inlite.com.au	General	https://www.artemide.com/contacts-locator	4312 4871" ], "website": "https://www.artemide.com" }, { "address": "44-46 Chippen Street Chippendale NSW 2008 Sydney", "country": "AUSTRALIA", "department": "Inlite", "email": [ "nsw@inlite.com.au" ], "fax": [], "office": " ", "phone": [ "02 8384 1000" ], "website": "" }, { "address": "19 Newton Street Richmond VIC 3121 Melbourne", "country": "AUS
Artemide	vic@inlite.com.au	General	https://www.artemide.com/contacts-locator	r>", "phone": [ "02 8384 1000" ], "website": "" }, { "address": "19 Newton Street Richmond VIC 3121 Melbourne", "country": "AUSTRALIA", "department": "Inlite", "email": [ "vic@inlite.com.au" ], "fax": [], "office": " ", "phone": [ "03 8394 1999" ], "website": "" }, { "address": "Gonzagagasse 1 / Morzinplatz - 1010 Wien", "country": "AUSTRIA", "depa
Beni Rugs	bonjour@benirugs.com	Customer Support	https://www.benirugs.com/contact	official website
Cold Picnic	info@coldpicnic.com	General	https://coldpicnic.com/pages/press	, Cantarell, Fira Sans, Droid Sans, Helvetica Neue, sans-serif;\"\u003e\n\u003cp class=\"contact\" style=\"text-align: center;\"\u003eIf you have any questions, reply to this email or contact us at \u003ca href=\"mailto:info@coldpicnic.com\"\u003einfo@coldpicnic.com\u003c\/a\u003e\u003c\/p\u003e\n\u003c\/td\u003e\n\u003c\/tr\u003e\n\u003ctr\u003e\n
Flor	publicrelations@flor.com	Customer Support	https://www.flor.com/contact-us.html	official website
Flor	support@flor.com	Customer Support	https://www.flor.com/contact-us.html	official website
Flos	customer.service@flos.com	Customer Support	https://flos.com/en/wo/	official website
Gantri	press@gantri.com	PR/Marketing	https://www.gantri.com/about	For any media inquiries, please reach out to press@gantri.com <div data-component="box" class="Sty
Gantri	support@gantri.com	Customer Support	https://www.gantri.com/about/contact	official website
GUBI	webshop@gubi.com	Customer Support	https://gubi.com/en/int/company/contact/contact	official website
GUBI	rma@gubi.dk	Customer Support	https://gubi.com/en/int/company/contact/contact	official website
GUBI	rma@gubi.com	Customer Support	https://gubi.com/en/int/company/contact/contact	official website
GUBI	trade@gubi.com	Customer Support	https://gubi.com/en/int/company/contact/contact	official website
Louis Poulsen	info@louispoulsen.dk	General	https://www.louispoulsen.com/en/private	uctDetail.SpareParts.ItemNoLabel': "Item no:", 'Pages.ProductDetail.SpareParts.NoAvailableSpareParts': "We supply spare parts, replacement parts, and accessories for a large number of our products.\nPlease contact us at info@louispoulsen.dk or +45 70 33 14 14.", 'Pages.ProductDetail.SpareParts.NotAvailableButton': "Find dealer", 'Pages.ProductDetai
Morris & Co.	theteam@wmorrisandco.com	General	https://www.wmorrisandco.com/uk/	e, Sandersons Lane","addressLocality":"London","postalCode":"W4 4DS","addressCountry":{"@type":"Country","name":"GB"}},"contactPoint":{"@type":"ContactPoint","contactType":"sales","telephone":"+44 01761 404505","email":"theteam@wmorrisandco.com","areaServed":"GB"},"sameAs":["https:\/\/facebook.com\/WilliamMorrisandCo\/","https:\/\/www.instagram.com
Photowall	customerservice@photowall.com	Customer Support	https://www.photowall.com/us/customer-service/contact-us	official website
Photowall	customerservice.au@photowall.com	Customer Support	https://www.photowall.com/au/customer-service/contact-us	official website
Photowall	customerservice.be.nl@photowall.com	Customer Support	https://www.photowall.com/be-nl/klantenservice/contact	"GB_en_GB"},{"name":"Other Countries","url":"https:\/\/www.photowall.com\/int\/customer-service\/contact-us","key":"GLOBAL_en_EU"}],"pathPrefix":"\/be-nl","top_menu":{},"customer_service":{"phone":"0800 76 301","email":"customerservice.be.nl@photowall.com"},"current_site_key":"BE_nl_BE","current_site_locale":"nl_BE","current_site_market_locale_id":
Photowall	customerservice.be.fr@photowall.com	Customer Support	https://www.photowall.com/be-fr/service-client/nous-contacter	"GB_en_GB"},{"name":"Other Countries","url":"https:\/\/www.photowall.com\/int\/customer-service\/contact-us","key":"GLOBAL_en_EU"}],"pathPrefix":"\/be-fr","top_menu":{},"customer_service":{"phone":"0800 76 301","email":"customerservice.be.fr@photowall.com"},"current_site_key":"BE_fr_BE","current_site_locale":"fr_BE","current_site_market_locale_id":
Photowall	customerservice.ca.en@photowall.com	Customer Support	https://www.photowall.com/ca-en/about-us	/about-us","key":"GB_en_GB"},{"name":"Other Countries","url":"https:\/\/www.photowall.com\/int\/about-us","key":"GLOBAL_en_EU"}],"pathPrefix":"\/ca-en","top_menu":{},"customer_service":{"phone":"1-800-764-1283","email":"customerservice.ca.en@photowall.com"},"current_site_key":"CA_en_CA","current_site_locale":"en_CA","current_site_market_locale_id":
Photowall	customerservice.ca.fr@photowall.com	Customer Support	https://www.photowall.com/ca-fr/service-client/nous-contacter	_en_GB"},{"name":"Other Countries","url":"https:\/\/www.photowall.com\/int\/customer-service\/contact-us","key":"GLOBAL_en_EU"}],"pathPrefix":"\/ca-fr","top_menu":{},"customer_service":{"phone":"1-800-764-1283","email":"customerservice.ca.fr@photowall.com"},"current_site_key":"CA_fr_CA","current_site_locale":"fr_CA","current_site_market_locale_id":
Photowall	customerservice.ee@photowall.com	Customer Support	https://www.photowall.com/ee/about-us	o.uk\/about-us","key":"GB_en_GB"},{"name":"Other Countries","url":"https:\/\/www.photowall.com\/int\/about-us","key":"GLOBAL_en_EU"}],"pathPrefix":"\/ee","top_menu":{},"customer_service":{"phone":"8000 100 927","email":"customerservice.ee@photowall.com"},"current_site_key":"EE_en_EE","current_site_locale":"en_EE","current_site_market_locale_id":29,
Photowall	customerservice.ie@photowall.com	Customer Support	https://www.photowall.com/ie/about-us	o.uk\/about-us","key":"GB_en_GB"},{"name":"Other Countries","url":"https:\/\/www.photowall.com\/int\/about-us","key":"GLOBAL_en_EU"}],"pathPrefix":"\/ie","top_menu":{},"customer_service":{"phone":"1800 851 880","email":"customerservice.ie@photowall.com"},"current_site_key":"IE_en_IE","current_site_locale":"en_IE","current_site_market_locale_id":23,
RugPadUSA	customerservice@rugpadusa.com	Customer Support	https://www.rugpadusa.com/	official website
RugVista	info@rugvista.com	General	https://www.rugvista.com/	official website
Sanderson Design Group	support@sanderson.design	Customer Support	https://www.sanderson.design/	va-m">Trade customers phone number: + (0) 2034575862
Tempaper	atyourservice@tempaper.com	Customer Support	https://tempaper.com/pages/affiliate	-shs-beacon-endpoint="https://tempaper.com/api/collect" > {"greetingMessage":"Welcome to Tempaper \u0026 Co.. How can I help?","customerServiceEmail":"atyourservice@tempaper.com","onlineStorePasswordProtected":false,"translations":[{"key":"agent_chat.panel.open_chat","value":"Open chat"},{"key":"agent_chat.panel.ask_anything","value":"Ask anything"
Tom Dixon	marketing@tomdixon.net	PR/Marketing	https://www.tomdixon.net/customer-services/contact-us	official website
Tom Dixon	press@tomdixon.net	PR/Marketing	https://www.tomdixon.net/customer-services/contact-us	official website
Tom Dixon	owen.dryden@tomdixon.net	Customer Support	https://www.tomdixon.net/customer-services/partners	targeted page
Tom Dixon	hello@tomdixon.net	General	https://www.tomdixon.net/customer-services/contact-us	official website
Tom Dixon	kxshop@tomdixon.net	Customer Support	https://www.tomdixon.net/customer-services/contact-us	official website
Tom Dixon	nyshop@tomdixon.net	Customer Support	https://www.tomdixon.net/customer-services/contact-us	official website
Backdrop	press@backdrophome.com	PR/Marketing	https://www.backdrophome.com/pages/press/	e what others have to say about Backdrop, the new way to paint. Press Inquiries: press@backdrophome.com <div class="StyledBox-sc-13pk1d4-0 hOJdpy Res
Backdrop	hello@backdrophome.com	General	https://www.backdrophome.com/	official website
Buster + Punch	press@busterandpunch.com	PR/Marketing	https://uk.busterandpunch.com/sv/pages/press	name="viewport" content="width=device-width, initial-scale=1.0, height=device-height, minimum-scale=1.0, maximum-scale=5.0"> Press <link rel="apple-touch
California Closets	ereaman@calclosets.com	General	https://www.californiaclosets.com/es/contacto/	7:0:4:props:children:props:children:0:props:children:0:1:props:children:1:props:children:0:props:children:0:props:children:0:props:children:props:children:1:props:children\"}]]}]\n99:[\"$\",\"a\",null,{\"href\":\"mailto:ereaman@calclosets.com\",\"children\":[\"$\",\"p\",null,{\"className\":\"typography-text Typography-module__re1nga__text-specialBu
California Closets	affiliate@calclosetes.com	General	https://www.californiaclosets.com/affiliate/	rtnered with Impact Radius for our affiliate program management. If you are interested in applying to be an affiliate, please click here to complete the application. If you have any questions, please feel free to email: affiliate@calclosetes.com\"}]]}]]}]]}],null]}]]}],\"$L86\",\"$L87\",\"$L88\",\"$L89\",\"$L8a\"],\"$undefined\"]}],\"$L8b\"]}]}]],\
California Closets	customer-service@calclosets.com	Customer Support	https://www.californiaclosets.com/	official website
Cambria	public.relations@cambriausa.com	General	https://www.cambriausa.com/news-events	-6ba915d39e&#34;:{&#34;@type&#34;:&#34;cusa/components/button&#34;,&#34;repo:modifyDate&#34;:&#34;2025-12-15T16:45:20Z&#34;,&#34;dc:title&#34;:&#34;Contact Cambria Public Relations&#34;,&#34;xdm:linkURL&#34;:&#34;mailto:public.relations@cambriausa.com&#34;}}" href="mailto:public.relations@cambriausa.com"> Contact Cambria Public Relations arrow_forw
Cambria	eloise.goldman@cambriausa.com	General	https://www.cambriausa.com/news-events/press-room/free-and-fair-trade	4;/content/cusa/us/en.html\&#34;>CambriaUSA.com&lt;/a>&lt;/p>\r\n&lt;h3>Media Contact&lt;/h3>\r\n&lt;p>Eloise Goldman&lt;br>\r\nCambria Public Relations&lt;br>\r\n914-384-4840&amp;nbsp;&lt;br>\r\n&lt;a href=\&#34;mailto:Eloise.Goldman@CambriaUSA.com\&#34;>Eloise.Goldman@CambriaUSA.com&lt;/a>&lt;/p>\r\n&#34;}}" id="text-25a0738a53" class="cmp-text">
Clé Tile	press@cletile.com	PR/Marketing	https://www.cletile.com/pages/press	US" }, { "@type": "ContactPoint", "url": "https://www.cletile.com", "contactType": "customer service", "name": "Press inquiries", "email": "press@cletile.com", "areaServed": "US" }, { "@type": "ContactPoint", "url": "https://www.cletile.com", "contactType": "customer service", "name": "Design inq
Clé Tile	contact@cletile.com	General	https://www.cletile.com/pages/press	nt": [ { "@type": "ContactPoint", "telephone": "+1-415-887-9011", "contactType": "customer service", "name": "Sales or customer inquiries", "email": "contact@cletile.com", "areaServed": "US" }, { "@type": "ContactPoint", "name": "Installation and maintenance guides / FAQ", "url": "https://help.cletile.com/en/",
Clé Tile	design@cletile.com	General	https://www.cletile.com/pages/press	S" }, { "@type": "ContactPoint", "url": "https://www.cletile.com", "contactType": "customer service", "name": "Design inquiries", "email": "design@cletile.com", "areaServed": "US" } ], "sameAs": [ "https://www.pinterest.com/cletile/", "https://www.facebook.com/Tilevera/", "https://twitter.com/cletile",
COAT Paints	partnerships@coatpaints.com	Creator/Partnership	https://coatpaints.com/pages/press	n you'd like - please drop us an email anytime and someone from the team will come back asap. Email our Press Team <path fill-rule="e
Dulux	duluxcustomerservices@akzonobel.com	Customer Support	https://www.dulux.co.uk/en/contact-us	official website
Dulux	duluxcare@akzonobel.com	Customer Support	https://www.dulux.co.uk/en/contact-us	official website
Duravit	pr@duravit.de	PR/Marketing	https://www.duravit.com/en-en/company/	,"name":5342,"displayName":5342,"identifier":5343,"uid":5342,"uidType":129},"st_contact_email","f8269bfb-b56a-4cc3-af01-981dfb6707ac",{"st_email":5345,"st_topic":5348},{"fsType":162,"name":5346,"value":5347},"st_email","pr@duravit.de",{"fsType":162,"name":5349,"value":5350},"st_topic","default",{"fsType":1323,"name":5352,"value":5353},"ps_llms","# 
Duravit	info@homecomfortpress.nl	PR/Marketing	https://www.duravit.com/en-en/company/newsroom/press-contact/	v <svg fill="none" height="24" viewBox="0 0 24 24" width="24" xmlns="
Duravit	karen@espritmedia.co.uk	PR/Marketing	https://www.duravit.com/en-en/company/newsroom/press-contact/	s <svg fill="none" height="24" viewBox="0 0 24 24" width="24" xmlns="
Duravit	marketing@us.duravit.com	PR/Marketing	https://www.duravit.com/en-us/company/about-us/contact/	,"name":5355,"displayName":5355,"identifier":5356,"uid":5355,"uidType":128},"st_contact_email","f8269bfb-b56a-4cc3-af01-981dfb6707ac",{"st_email":5358,"st_topic":5361},{"fsType":161,"name":5359,"value":5360},"st_email","marketing@us.duravit.com",{"fsType":161,"name":5362,"value":5363},"st_topic","default",{"fsType":1239,"name":5365},"ps_llms",{"fsT
Duravit	marketing.india@in.duravit.com	PR/Marketing	https://www.duravit.com/en-in/company/about-us/contact/	"formData":5405},"c3aa2224-f864-4497-95d0-603f13fe0a30",{"fsType":193,"name":5386,"displayName":5386,"identifier":5387,"uid":5386,"uidType":129},{"st_email":5406,"st_topic":5408},{"fsType":162,"name":5390,"value":5407},"marketing.india@in.duravit.com",{"fsType":162,"name":5393,"value":5409},"Callback service",{"fsType":148,"identifier":5411,"templa
Duravit	marketing@nl.duravit.com	PR/Marketing	https://www.duravit.com/nl-nl/onderneming/over-ons/contact/	"formData":5256},"40a86842-068f-4585-8f58-0f58cca2f325",{"fsType":192,"name":5245,"displayName":5245,"identifier":5246,"uid":5245,"uidType":128},{"st_email":5257,"st_topic":5259},{"fsType":161,"name":5249,"value":5258},"marketing@nl.duravit.com",{"fsType":161,"name":5251,"value":5260},"Persaanvraag",{"fsType":147,"identifier":5262,"template":5263,"
Duravit	marketing@uk.duravit.com	PR/Marketing	https://www.duravit.com/en-gb/company/about-us/contact/	,"name":5206,"displayName":5206,"identifier":5207,"uid":5206,"uidType":154},"st_contact_email","f8269bfb-b56a-4cc3-af01-981dfb6707ac",{"st_email":5209,"st_topic":5212},{"fsType":187,"name":5210,"value":5211},"st_email","marketing@uk.duravit.com",{"fsType":187,"name":5213,"value":5214},"st_topic","default",{"fsType":1328,"name":5216},"ps_llms",{"fsT
Duravit	sensowash-warranty@duravit.com	General	https://www.duravit.com/en-en/company/	"ps_llms_full",{"fsType":162,"name":5365,"value":5366},"ps_assetsWdDownloadProject","Duravit-Media-Master",{"fsType":162,"name":5368},"ps_baidu_key",{"fsType":162,"name":5370,"value":5371},"ps_warranty_sensowash_email","sensowash-warranty@duravit.com",{"fsType":162,"name":5373,"value":5374},"ps_warranty_lifetime_email","life-time-warranty@duravit.d
Edward Bulmer Natural Paint	deliveries@edwardbulmerpaint.co.uk	Customer Support	https://www.edwardbulmerpaint.co.uk/about/careers/	official website
Edward Bulmer Natural Paint	info@edwardbulmerpaint.co.uk	General	https://www.edwardbulmerpaint.co.uk/contact-us/	official website
Edward Bulmer Natural Paint	hello@edwardbulmerpaint.co.uk	General	https://www.edwardbulmerpaint.co.uk/about/careers/	official website
Elfa	ethics@elfa.com	General	https://elfa.com/sv-se/about-us/sustainability	varliga oegentligheter inom företaget, till exempel bokföringsbrott eller mutbrott. Du kan också rapportera ett en oegentlighet genom att ringa 800-1777-9999 eller skriva till Elfa Ethics Council, ethics@elfa.com . DEBUG: [Rapportera en oro] <section class="cdfabaacaeadf color-ba
Elfa	info@elfa.com	General	https://elfa.com/sv-se/about-us/adresses-to-sites	content"> Elfa International AB and Elfa Sverige AB Lilla Nygatan 7 SE-211 38 Malm&ouml; Sweden Tel: +46 40-608 07 00 info@elfa.com DEBUG: [] <div class="editor
Elfa	elfadoors@elfa.com	General	https://elfa.com/sv-se/about-us/adresses-to-sites	Elfa Doors AB Garverigatan 10 SE-565 23 Mullsjö Sweden Tel: +46 392-389 00 elfadoors@elfa.com DEBUG: [] <article cla
Elfa	info.finland@elfa.com	General	https://elfa.com/sv-se/about-us/adresses-to-sites	nt"> Elfa Finland Oy Kalustetie 1 (Fresko / TaloTalo-keskus) FI-01720 Vantaa Finland Tel: +358 (0)10 778 4200 info.finland@elfa.com DEBUG: [] <div class
Elfa	elfadk@elfa.com	General	https://elfa.com/sv-se/about-us/adresses-to-sites	Elfa Danmark A/S c/o Beierholm Knud H&oslash;jgaardsvej 9 2860&nbsp; S&oslash;borg Tel.: +45 56641324 elfadk@elfa.com DEBUG: [] <div class="edit
Elfa	emp@elfa.com	General	https://elfa.com/sv-se/about-us/adresses-to-sites	Elfa Poland Elfa Manufacturing Poland Sp. z o.o.&nbsp;w likwidacji Zakład Produkcyjny ul.&nbsp;Strefowa 7 PL-75-202 Koszalin Poland emp@elfa.com DEBUG: [] <div class="edi
Elfa	contactelfa@elfa.com	General	https://elfa.com/sv-se/about-us/adresses-to-sites	editorial__content"> Elfa Deutschland GmbH Leipziger Platz 15 10117 Berlin Germany Tel: +49 522 187 13001 contactelfa@elfa.com DEBUG: [] <article class="col-6
Elfa	application@elfa.com	General	https://elfa.com/sv-se/about-us/working-at-elfa	Lediga tj&#228;nster Du kan alltid skicka en spontanansökan till oss på&nbsp; application@elfa.com . <a href="/
Emtek	media@houseofrohl.com	PR/Marketing	https://www.emtek.com/our-story/media-room/	-text_center__NPW6a "> Media Room Editorial coverage and recent highlights. For press, social media, or partnership inquiries, please contact media@houseofrohl.com
Emtek	connect@emtek.com	General	https://www.emtek.com/support/contact-us/	Question","destination_email":"techsupport@emtek.com"},{"question_type":"Find a Dealer","destination_email":"support@emtek.com"},{"question_type":"Existing Dealer Requesting Customer Portal Log In","destination_email":"connect@emtek.com"},{"question_type":"Billing Question","destination_email":"AR@emtek.com"},{"question_type":"Press Inquiries","des
Emtek	ar@emtek.com	General	https://www.emtek.com/support/contact-us/	d a Dealer","destination_email":"support@emtek.com"},{"question_type":"Existing Dealer Requesting Customer Portal Log In","destination_email":"connect@emtek.com"},{"question_type":"Billing Question","destination_email":"AR@emtek.com"},{"question_type":"Press Inquiries","destination_email":"inquiries@emtek.com"},{"question_type":"Other Question","de
Emtek	inquiries@emtek.com	General	https://www.emtek.com/support/contact-us/	Existing Dealer Requesting Customer Portal Log In","destination_email":"connect@emtek.com"},{"question_type":"Billing Question","destination_email":"AR@emtek.com"},{"question_type":"Press Inquiries","destination_email":"inquiries@emtek.com"},{"question_type":"Other Question","destination_email":"support@emtek.com"},{"question_type":"Request Literat
Emtek	support@emtek.com	Customer Support	https://www.emtek.com/support/contact-us/	d":"48d96ace-57a7-4e19-8bf7-09b1265233f9"},{"type":"spacer","value":{"anchor":"","height":"medium"},"id":"32a965c4-b688-42af-81d1-e9510f09c0a0"},{"type":"new_contact_hardcoded_form","value":{"default_destination_email":"support@emtek.com","question_type_destination_emails":[{"question_type":"Customer Service","destination_email":"support@emtek.com"
Emtek	techsupport@emtek.com	Customer Support	https://www.emtek.com/support/contact-us/	:{"default_destination_email":"support@emtek.com","question_type_destination_emails":[{"question_type":"Customer Service","destination_email":"support@emtek.com"},{"question_type":"Product Question","destination_email":"techsupport@emtek.com"},{"question_type":"Technical Question","destination_email":"techsupport@emtek.com"},{"question_type":"Find 
Farrow & Ball	press1@farrow-ball.com	PR/Marketing	https://www.farrow-ball.com/become-an-affiliate	" data-element="main">I have more questions, who can I ask? Our team are more than happy to help with any questions you have, just email press1@farrow-ball.com. <div data-enable-parallax="0" data-parallax-speed="0.5" data-background-images="{}" data-background-type="image" data-vi
Farrow & Ball	press@farrow-ball.com	PR/Marketing	https://www.farrow-ball.com/press-contacts	etails below. Email the F&amp;B Press Office <h3 data-c
Farrow & Ball	sales@farrow-ball.com	Customer Support	https://www.farrow-ball.com/	official website
Fireclay Tile	hello@fireclaytile.com	General	https://www.fireclaytile.com/pages/press	px" sizes="250px"> Monday - Friday: 6am - 5pm PST Phone: 1-800-773-2226 Email: hello@fireclaytile.com We'll keep you updated with new products, design trends, promotions and any exciting happenings around the studio. <form method="post"
Kohler	prospectivepartner@kohler.com	Creator/Partnership	https://www.kohler.com/en/for-professionals/how-to-become-a-kohler-partner	");\u003c/script\u003e","chatLinkRef":true,"contactTitle":"\u003ch3\u003eContact Us\u003c/h3\u003e\r\n","contactDescription":"\u003cp\u003eTo ask additional questions or for more information, email \u003ca href=\"mailto:prospectivepartner@kohler.com\"\u003eprospectivepartner@kohler.com\u003c/a\u003e.\u003c/p\u003e\r\n","prodSupportTitle":"\u003ch3\
Kohler	nathaphat.asavathanachart@kohler.com	General	https://www.kohler.com/en/about-us/our-impact	ts found.","kf.PressRoom.label.noProducts":"No products found.","kf.PressRoom.label.productPlacement":"Product Placement","kf.PressRoom.label.contact1Name":"Nathaphat Asavathanachart","kf.PressRoom.label.contact1Email":"nathaphat.asavathanachart@kohler.com","kf.PressRoom.label.contact1Mobile":"(555) 555-5555","kf.PressRoom.label.contact2Name":"Vict
Kohler	victoria.valdezhafenstein@kohler.com	General	https://www.kohler.com/en/about-us/our-impact	essRoom.label.contact1Email":"nathaphat.asavathanachart@kohler.com","kf.PressRoom.label.contact1Mobile":"(555) 555-5555","kf.PressRoom.label.contact2Name":"Victoria Valdez Hafenstein","kf.PressRoom.label.contact2Email":"victoria.valdezhafenstein@kohler.com","kf.PressRoom.label.contact2Mobile":"(555) 555-5555","kf.PressRoom.label.productContact1Name
Kohler	sandyjenkins@kohler.com	General	https://www.kohler.com/en/about-us/our-impact	ssRoom.label.contact2Email":"victoria.valdezhafenstein@kohler.com","kf.PressRoom.label.contact2Mobile":"(555) 555-5555","kf.PressRoom.label.productContact1Name":"Sandy Jenkins","kf.PressRoom.label.productContact1Email":"sandyjenkins@kohler.com","kf.PressRoom.label.productContact1Mobile":"(555) 555-5555","kf.PressRoom.label.productContact2Name":"Jan
Kohler	janesmith@kohler.com	General	https://www.kohler.com/en/about-us/our-impact	ressRoom.label.productContact1Email":"sandyjenkins@kohler.com","kf.PressRoom.label.productContact1Mobile":"(555) 555-5555","kf.PressRoom.label.productContact2Name":"Jane Smith","kf.PressRoom.label.productContact2Email":"janesmith@kohler.com","kf.PressRoom.label.productContact2Mobile":"(555) 555-5555","kf.PressRoom.label.date":"September 03, 2021","
Kohler	jillian.rosone@kohler.com	General	https://www.kohler.com/en/press-room	tems":{"press_release_landin":{"title":"Kohler Press Room","imageLibraryLink":"https://photolibrary.kohler.com/t5/login","fragmentPath":"#","enableImageLibraryTab":"false","pressItems":[{"name":"Jillian Rosone","email":"Jillian.Rosone@kohler.com","phone":null}],"productItems":[],":type":"kf/components/press-release-landing/v1/press-release-landing"
Lick	pressoffice@lick.com	PR/Marketing	https://www.lick.com/uk/help/contact	ck"},{"heading":"Press enquiries","headingLevel":"h6","copy":{"raw":{"children":[{"type":"paragraph","children":[{"text":"For press enquiries please contact us via email at "},{"rel":"noopener noreferrer","href":"mailto:pressoffice@lick.com","type":"link","children":[{"text":"pressoffice@lick.com"}],"className":"c-link","openInNewTab":true},{"text"
Lick	npressoffice@lick.com	PR/Marketing	https://www.lick.com/uk/help/contact	e":"link","children":[{"text":"pressoffice@lick.com"}],"className":"c-link","openInNewTab":true},{"text":""}]},{"type":"paragraph","children":[{"text":""}]}]},"text":"For press enquiries please contact us via email at \\npressoffice@lick.com\\n\\n"},"textAlign":"center","id":"clw9avudb32yj07tdpeq47agk","type":"text_block"},{"heading":"Getting start
Lick	hello@lick.com	General	https://www.lick.com/uk	n.com/company/join-lick/","https://www.pinterest.co.uk/lick/_shop/","https://www.lick.com/uk"],"contactPoint":[{"@type":"ContactPoint","contactType":"Customer Service","areaServed":"GB","availableLanguage":"en","email":"hello@lick.com"}]} {"@context":"https://schema.org","@type":"WebSite","url":"https://www.lick.com","potentialAction":{"@
Lick	hello@lickhome.com	General	https://www.lick.com/eu/help/contact	2b-0 nheXN ZniTU">Check an order Get in touch using the help icon at the bottom of the page. Or, send us an email at hello@lickhome.com, and we&#x27;ll try to get back to you as soon as we can. <div class="sc-2612e7
Mandarin Stone	info@mandarinstone.com	General	https://www.mandarinstone.com/our-company/	official website
Mandarin Stone	louisa.morgan@mandarinstone.com	General	https://www.mandarinstone.com/contact/press-enquiries/	latest trends All images shown on this website can be sent on request but please get in touch for guidance if you are looking for something specific. Contact Louisa Morgan louisa.morgan@mandarinstone.com Send us a message /* */ /* ]]&gt; */ <div
Mandarin Stone	trade@mandarinstone.com	General	https://www.mandarinstone.com/contact/trade/	ng="async" src="https://www.mandarinstone.com/app/uploads/2024/01/email-icon-1.svg"> Email us We’re ready to help with your project, email us at trade@mandarinstone.com with your details and we will ensure a swift response. Get in touch
Open Spaces	acquisitions@patternbrands.com	General	https://www.patternbrands.com/	Where thoughtful products meet thoughtful living. Explore our family of consumer brands designed to elevate the home.", "email": "help@patternbrands.com", "contactPoint": { "@type": "ContactPoint", "email": "acquisitions@patternbrands.com", "contactType": "Acquisitions" }, "sameAs": [ "https://www.linkedin.com/company/pattern-brands/jobs/" ], "bran
Open Spaces	help@patternbrands.com	Customer Support	https://www.patternbrands.com/	"@type": "Organization", "name": "Pattern Brands", "url": "/", "description": "Where thoughtful products meet thoughtful living. Explore our family of consumer brands designed to elevate the home.", "email": "help@patternbrands.com", "contactPoint": { "@type": "ContactPoint", "email": "acquisitions@patternbrands.com", "contactType": "Acquisitions" 
Porcelanosa	grupo@porcelanosa.com	General	https://www.porcelanosa.com/contacto/	o-display-flex"> PORCELANOSA Grupo Apartado postal: 131 12540 Vila-real, Castellón, España Teléfono: (+34) 964 507 140 grupo@porcelanosa.com PORCELANOSA Apartado postal: 131 12
Porcelanosa	porcelanosa@porcelanosa.com	General	https://www.porcelanosa.com/contacto/	m PORCELANOSA Apartado postal: 131 12540 Vila-real, Castellón, España Teléfono: (+34) 964 507 100 porcelanosa@porcelanosa.com GAMADECOR Apartado postal: 179 1254
Porcelanosa	gama-decor@gama-decor.com	General	https://www.porcelanosa.com/contacto/	com GAMADECOR Apartado postal: 179 12540 Vila-real, Castellón, España Teléfono: (+34) 964 506 850 gama-decor@gama-decor.com <a href="https://www.gama-decor.com" target="_blank" onclick="dataLayer.push({'event':'Interaccion', 'Enl
Porcelanosa	krion@krion.com	General	https://www.porcelanosa.com/contacto/	cor.com KRION Apartado postal: 372 12540 Vila-real, Castellón, España Teléfono: (+34) 964 506 464 krion@krion.com <a href="https://www.krion.com" target="_blank" onclick="dataLayer.push({'event':'Interaccion', 'EnlaceSaliente':'KRION
Porcelanosa	anticcolonial@anticcolonial.com	General	https://www.porcelanosa.com/contacto/	a> L’ANTIC COLONIAL Apartado postal: 7 12540 Vila-real, Castellón, España Teléfono: (+34) 964 534 545 anticcolonial@anticcolonial.com <a href="https://www.anticcolonial.com" target="_blank" onclick="dataLayer.push({'event':'Inte
Porcelanosa	butech@butech.es	General	https://www.porcelanosa.com/contacto/	al.com BUTECH Apartado postal: 297 12540 Vila-real, Castellón, España Teléfono: (+34) 964 536 200 butech@butech.es <a href="https://www.butech.es" target="_blank" onclick="dataLayer.push({'event':'Interaccion', 'EnlaceSaliente':'But
Porcelanosa	noken@noken.com	General	https://www.porcelanosa.com/contacto/	w.butech.es NOKEN Apartado postal: 372 12540 Vila-real, Castellón, España Teléfono: (+34) 964 506 450 noken@noken.com <a href="https://www.noken.com" target="_blank" onclick="dataLayer.push({'event':'Interaccion', 'EnlaceSaliente':'Noken
Porcelanosa	info@xtone-surface.com	General	https://www.porcelanosa.com/contacto/	.noken.com XTONE Apartado postal: 297 12540 Vila-real, Castellón, España Teléfono: (+34) 964 52 52 00 info@xtone-surface.com <a href="https://www.xtone-surface.com/" target="_blank" onclick="dataLayer.push({'event':'Interaccion', 'Enla
Rohl	media@houseofrohl.com	PR/Marketing	https://houseofrohl.com/press-room/media-inquiries/	t-items__title">Media Contact If you are a member of the media, please feel free to send your inquiries to: media@houseofrohl.com <div class="plmr-c-banner-search__container
Rohl	hofr@tcpr.co	General	https://houseofrohl.com/press-release-february-2026/	For more information, please visit: https://houseofrohl.com &nbsp; PRESS CONTACT Laura Maruszczak at The Consultancy PR, hofr@tcpr.co &nbsp; <div class="plmr-c-banner-search__container plmr-l-container js-showroom-locator" data-js-elements="plmr-c-form-search__
Sherwin-Williams	corporatemedia@sherwin.com	PR/Marketing	https://corporate.sherwin-williams.com/us/en/media-center/press-releases.html	.com\">investor.relations@sherwin.com \n &nbsp; \n Media Contact: \nJulie Young \nVice President, Global Corporate Communications \nSherwin-Williams \nDirect: 216.515.8849 \n corporatemedia@sherwin.com \n &nbsp; \n Source: The Sherwin-Williams Company \n","date":"2025-11-03T16:52:00.000-05:00","category":"corporate:leadership","key":"/content/sherw
Sherwin-Williams	ncorporatemedia@sherwin.com	PR/Marketing	https://corporate.sherwin-williams.com/us/en/media-center/press-releases.html	t: 216.566.2766 \ninvestor.relations@sherwin.com \n \n Media Contact: \nJulie Young \nVice President, Global Corporate Communications \nSherwin-Williams \nDirect: 216.515.8849 \ncorporatemedia@sherwin.com \n \n","date":"2022-06-29T15:06:00.000-04:00","category":"corporate:financial","key":"/content/sherwin/corp/corp-aem-sherwin/us/en/media-center/p
Sherwin-Williams	s-wpress@webershandwick.com	PR/Marketing	https://corporate.sherwin-williams.com/us/en/media-center/media-contacts.html	contact-card__envelope--solid"> S-WPress@Webershandwick.com <div class="contactcard sw-contact-card--padded sw-contact-card--bordered aem-GridColumn aem-GridCo
Sherwin-Williams	sds@sherwin.com	General	https://corporate.sherwin-williams.com/us/en/contact-us.html	pe&#34;:&#34;tag-aem-components/components/text/v1/text&#34;,&#34;repo:modifyDate&#34;:&#34;2026-07-17T16:00:24Z&#34;,&#34;xdm:text&#34;:&#34;&lt;p>For SDS Requests, please contact us at&amp;nbsp;&lt;a href=\&#34;mailto:sds@sherwin.com\&#34;>sds@sherwin.com&lt;/a>.&lt;/p>\r\n&#34;}}" id="text-6e06add794" class="cmp-text"> For SDS Requests, please c
Sherwin-Williams	swfoundation@sherwin.com	General	https://corporate.sherwin-williams.com/us/en/contact-us.html	4;repo:modifyDate&#34;:&#34;2026-07-17T16:00:24Z&#34;,&#34;xdm:text&#34;:&#34;&lt;p>For community engagement inquires including charitable sponsorships and donations, please reach out to&amp;nbsp;&lt;a href=\&#34;mailto:swfoundation@sherwin.com\&#34; title=\&#34;mailto:swfoundation@sherwin.com\&#34;>swfoundation@sherwin.com&lt;/a>.&lt;/p>\r\n&lt;p>
Sherwin-Williams	globalsales@sherwin.com	General	https://www.sherwin-williams.com/about/contact	class="gg-region-widget__label ellipsis">General Information Our products are available throughout South America , see locations below or contact us at globalsales@sherwin.com . <h1 class="sw-col--1-
Sherwin-Williams	ambianceetcreations@gmail.com	General	https://www.sherwin-williams.com/about/contact	Cap Haitien E-Mail ambianceetcreations@gmail.com <section class="gg-region-widget__langu
Sherwin-Williams	investor.relations@sherwin.com	General	https://corporate.sherwin-williams.com/us/en/media-center/press-releases.html	law. \n &nbsp; \n Investor Relations Contacts: \nJim Jaye \nSenior Vice President, Investor Relations &amp; Corporate Communications \nSherwin-Williams \nDirect: 216.515.8682 \n investor.relations@sherwin.com \n Eric Swanson \nVice President, Investor Relations \nSherwin-Williams \nDirect: 216.566.2766 \n investor.relations
The Home Edit	press@thehomeedit.com	PR/Marketing	https://thehomeedit.com/pages/press	2 h4-mobile scroll-trigger animate--fade-in"> PRESS If you are interested in partnering with The Home Edit or have press inquiries, please contact press@thehomeedit.com <div id="shopify-section-template--21984549503196__hedit_press_listing_U9PWyA" class="shopi
TileBar	info@tilebar.com	General	https://www.tilebar.com/press-media?header	"latitude": "40.7414384", "longitude": "-73.9928281" } }, "contactPoint": [{ "@type": "ContactPoint", "telephone": "+1-888-541-3840", "contactType": "customer service", "email": "info@tilebar.com", "areaServed": "US" }], "sameAs": [ "https://www.instagram.com/tilebar/", "https://www.pinterest.com/tilebar/", "https://www.houzz.com/pro/tile-bar", "ht
TileBar	njshowroom@tilebar.com	General	https://www.tilebar.com/press-media?header	"addressRegion": "NJ", "postalCode": "07652" }, "openingHours": [ "Mo-Fr 10:00-18:00", "Sa 10:00-17:00" ], "telephone": "(201) 605-9500", "email": "njshowroom@tilebar.com" }, { "@type": "LocalBusiness", "name": "Baltimore MD Showroom", "address": { "@type": "PostalAddress", "streetAddress": "1133 Greenwood Rd, Suite D", "addressLo
TileBar	mdshowroom@tilebar.com	General	https://www.tilebar.com/press-media?header	"addressRegion": "MD", "postalCode": "21208" }, "openingHours": [ "Mo-Th 09:00-17:00", "Fr 09:00-14:00" ], "telephone": "(410) 561-6244", "email": "mdshowroom@tilebar.com" } ] } [] { "*": { "Magento_PageBuilder/js/widget-initializer": { "c
TOTO	lcampos@toto.com	General	https://www.totousa.com/about-toto/press	TOTO USA, Inc. 20 W 22nd St New York, NY 10010 Voice: 917-237-0665 ex. 104 24-hour Contact: 917-593-6752 (cell) Email: lcampos@toto.com Fax: 917-677-8822 <div id="module_10015052290598768646" class="module container module_10015052290598768646 span12 about-content" data-module="10015052290598768646" style="
TOTO	custservice@toto.com	Customer Support	https://www.totousa.com/about-toto/contact-us	ontainer module_10010161169866539359 span8 " data-module="10010161169866539359" style=""> General Customer Service 1-888-295-8134 custservice@toto.com Hours: 8 a.m.-8 p.m. ET Monday-Friday To purchase replacement parts, or for assistance with locating a TOTO showroom or product literature, press 3 when prompted. Sales Sup
TOTO	techsupport@toto.com	Customer Support	https://www.totousa.com/about-toto/contact-us	gistering your new TOTO product/s, pre- and post-sales support, order status and inventory questions, press 5 when prompted. Tech Services 1-888-295-8134 techsupport@toto.com Hours: 8 a.m.-8 p.m. ET Monday-Friday For product technical support, including assistance with troubleshooting and installation, or to file a warranty claim, press 4 for Tech 
Valspar	valspar@clynch.com	General	https://www.valspar.com/en/about-valspar/newsroom	t-styling aem-GridColumn aem-GridColumn--default--12">
Valspar	sherwinwilliams@reach.agency	General	https://www.valspar.com/en/about-valspar/newsroom	t-styling aem-GridColumn aem-GridColumn--default--12">
Yamazaki Home	hello@theyamazakihome.com	General	https://theyamazakihome.com/pages/press	ess &ndash; Yamazaki Home { "@context": "http://schema.org", "@type": "Organization", "name":"Yamazaki Home", "email":"hello@theyamazakihome.com", "telephone":"347-529-5371", "url":"https:\/\/theyamazakihome.com\/pages\/press\/pages\/press", "sameAs": [ "", "", "", "", "", "", "", "" ], "description":" Contact Us"} </scri
Brooklinen	press@brooklinen.com	PR/Marketing	https://www.brooklinen.com/pages/press	ule='secondary-hero' data-ht-id='page' > Our Press For press inquiries please email: press@brooklinen.com <source class='story__media-img--mobile' media
Coyuchi	press@coyuchi.com	PR/Marketing	https://www.coyuchi.com/pages/press	For Press Inquiries Email press@coyuchi.com #shopify-section-template--28163147202852__c6c42c94-dae1-44f4-8fb5-217a1261df9a h2 {font-family: tiempos headline;} </
Coyuchi	info@coyuchi.com	General	https://www.coyuchi.com/pages/press	/www.tiktok.com\/@coyuchihome" ,"https:\/\/www.pinterest.com\/coyuchi\/" ,"https:\/\/www.linkedin.com\/company\/coyuchi\/" ],"contactPoint": [ { "@type": "ContactPoint", "email": "info@coyuchi.com", "contactType": "customer service", "telephone": "8884188847", "availableLanguage": ["en"] } ],"address": { "@type": "PostalAddress",
Etsy	creatorco@etsy.com	Creator/Partnership	https://www.etsy.com/be/affiliates	s@etsy.com">etsyaffiliates@etsy.com , uitsluitend voor aanvullende affiliate-vragen. Voor vragen over het Creator Collective neem je contact op via creatorco@etsy.com <div class="wt-sem-p-page-margin wt
Etsy	etsyaffiliates@etsy.com	General	https://www.etsy.com/be/affiliates	het Creator Collective. Neem contact op met het team via etsyaffiliates@etsy.com , uitsluitend voor aanvullende affiliate-vragen. Voor vragen over het Creator Collective neem je contact op via <a class="wt-text-link" href="mailto:creatorco@
Govee	support@govee.com	Customer Support	https://us.govee.com/blogs/news/govee-teams-up-with-tim-howard	howard","robots":{"noIndex":false,"noFollow":false},"jsonLd":{"@context":"https://schema.org","@type":"Organization","name":"Govee","logo":"https://cdn.shopify.com/s/files/1/0512/3489/8105/files/govee_logo.png","email":"support@govee.com","telephone":"+1 (855) 925 3570","sameAs":["https://www.facebook.com/GoveeOfficial","https://x.com/GoveeOfficial
Homestyler	mouad.h@b2b.homestyler.com	General	https://ru.homestyler.com/contact	нировать звонок на \u003Ca href=\"https:\u002F\u002Fcalendar.app.google\u002Fb4uc4oMxZFkBG6BC8\" target=\"_blank\"\u003Eнашей странице бронирования\u003C\u002Fa\u003E или связаться с нами по адресу \u003Ca href=\"mailto:mouad.h@b2b.homestyler.com\"\u003Emouad.h@b2b.homestyler.com\u003C\u002Fa\u003E.","mobilepage.tailtitle1":"Готов к","pricing3.faq.
Homestyler	affiliate-program@homestyler.com	General	https://ru.homestyler.com/contact	status":"Статус вывода","area1.hbw":"Южная Америка","teamlicense1.hbw":"Общая библиотека моделей внутри команды","affiliate.dashboard.help.hint":"Если у вас есть вопросы, свяжитесь с нами по адресу \u003Ca href=\"mailto:affiliate-program@homestyler.com\"\u003Eaffiliate-program@homestyler.com\u003C\u002Fa\u003E.","affiliate.registry.job.answer2":"Я 
Homestyler	homestyler-support@service.alibaba.com	Customer Support	https://ru.homestyler.com/contact	По вопросам личной учетной записи, обучающих материалов, ошибок инструмента дизайна или проблем с подпиской вы можете нажать кнопку “Contact Us” в правом нижнем углу сайта Homestyler. Вы также можете отправить письмо на homestyler-support@service.alibaba.com. По вопросам B2B, пожалуйста, пишите на homestyler.business@service.alibaba.com."}},{"@type
Houzz	press@houzz.com	PR/Marketing	https://www.houzz.com/inTheNews	er mtxl mbxl ptxl">Press Coverage Check out some of our favorite Houzz stories and interviews here. For all press inquiries, please contact press@houzz.com Most Rece
Houzz	dedicatedsupport@houzz.com	Customer Support	https://pro.houzz.com/for-pros/feature-marketing	s/j/generate-assets-urls","ivy-crm":"/manage/leads/j/generate-assets-urls","schedule":"/manage/schedule/j/generate-assets-urls"},"pro-solutions.isDedicatedSupportLogicEnabled":true,"pro-solutions.dedicatedSupportEmail":"dedicatedsupport@houzz.com","pro-onboarding.customSkuUpgradePhone":"1 (800) 340-9610","pro-onboarding.customSkuUpgradePhoneCampaig
Lamps Plus	pr@lampsplus.com	PR/Marketing	https://www.lampsplus.com/ideas-and-advice/press/lamps-plus-named-one-of-the-25-best-lighting-stores-to-brighten-up-your-home-by-architectural-digest/	.com/LampsPlus">X (formerly Twitter) . To learn more about the history of the company, visit our About Us page . Media Contact PR@LampsPlus.com Search
Lamps Plus	reportaproblem@lampsplus.com	General	https://www.lampsplus.com/	refreshing this page and try again, if you continue to experience this problem, follow the instructions below Click the Link to contact customer service Contact Us with the following Error ID: 0.10fb1402.1788302176.c3cde89 <script
Lamps Plus	community@lampsplus.com	General	https://www.lampsplus.com/ideas-and-advice/press/lamps-plus-named-one-of-the-25-best-lighting-stores-to-brighten-up-your-home-by-architectural-digest/	/ul> Share Your Style #myLampsPlus Contact By Email or 800-782-1967 8
Lowe's	publicrelations@lowes.com	PR/Marketing	https://corporate.lowes.com/newsroom/contact-media-relations	mp; Former Associates Resources for current and former associates Media Inquiries Visit our Newsroom Email us at publicrelations@lowes.com --> <div id="conftext-7741" class="brick brick--type--configurable-text brick--id--7741 b
Lowe's	react@16.14.0.js	General	https://www.lowes.com/	lkohpepadr="1037252740" </scrip
Lowe's	react-dom@16.14.0.js	General	https://www.lowes.com/	efer> <script defer=""
Lowe's	l@c.kll	General	https://www.lowes.com/pdf/Lowes_Paint_Rebate.pdf	--��RYY���UL�&3tP���H:��8b�c�eڴi�.]�WT�B_t�4�x������jq0��Æ1M���p �ho������^� �v��� ��s���Θ��/�D"сHϔ�Ծ� �����3g΄ΛG'g�H���d����޽�1)I�с�LMK� � .�> �-[���+������W_ݹsG5,���:�R��J�Hh?~\Z_� �i�Dc��� ���+ Š Q��� EDS,x�����7�444H;� `�ڵP5Lr�5 : z���l�r
Maison Flaneur	hello@maisonflaneur.com	General	https://www.maisonflaneur.com/pages/press	_enabled":true,"most_relevant_sort_enabled":false,"coupon_promo_invited_eligible":true,"coupon_promo_web_eligible":false,"uses_coupon_integration":false,"uses_external_coupon":false,"negative_review_notification_email":"Hello@maisonflaneur.com","can_be_branded":true,"rtl_stars_enabled_ar":true,"rtl_stars_enabled_he":true,"reply_name_text":"Maison F
Milanote	info@milanote.com	General	https://milanote.com/inspiration/content-creator	="/releases">Release notes Application status Company info@milanote.com Careers Press kit
Milanote	support@milanote.com	Customer Support	https://milanote.com/inspiration/content-creator	> Download the Desktop app Download the Web Clipper Support support@milanote.com Help centre Plans &amp; pricing Upcoming features <a href="/
Novica	pr@novica.com	PR/Marketing	https://www.novica.com/blog/in-the-media/	In the News With 150 global team members and thousands of talented artisans worldwide, there’s always something exciting happening at
Novica	marketing@novica.com	PR/Marketing	https://www.novica.com/customerservice/	cts@novica.com">newproducts@novica.com For Marketing Inquiries Inquiries related to obtaining NOVICA advertising online or offline marketing@novica.com For Careers / Internships Do you think we could use your special talents to help promote the work of artisans? For employment or internship opportuniti
Novica	newproducts@novica.com	General	https://www.novica.com/customerservice/	rtists or Artisans If you are an artist, artisan or represent and artisan group we'd love to hear from you! Email us with full details and pictures of your products. newproducts@novica.com For Marketing Inquiries Inquiries related to obtaining NOVICA advertising online or offline <a class="contactlink" href="mailto:marketing@novi
Novica	hr@novica.com	General	https://www.novica.com/customerservice/	=""> For Careers / Internships Do you think we could use your special talents to help promote the work of artisans? For employment or internship opportunities: hr@novica.com For Technical Inquiries For Inquiries related to the functionality of the NOVICA.com website please contact <a class="contactlink" href="mailto:webmast
Novica	remove@novica.com	General	https://www.novica.com/customerservice/	ur order. By placing an order you will automatically receive the NOVICA Journal by email, but you can always change your email preferences if you wish to be removed from our list by simply emailing us at remove@novica.com . You may also update or change the personal information NOVICA has collected by sending an email to service@novica.com . This p
Novica	service@novica.com	Customer Support	https://www.novica.com/es/partners/	novica.com" ], "contactPoint" : [ { "@type" : "ContactPoint", "telephone" : "+1-877-266-8422", "contactType" : "customer service", "contactOption" : "TollFree", "email" : "service@novica.com", "areaServed" : ["US","CA"] }, { "@type" : "ContactPoint", "telephone" : "+1-877-552-4545", "contactType" : "sales", "contactOption" : "TollFree", "email" : "
Philips Hue	partners.philipshue@signify.com	Creator/Partnership	https://www.philips-hue.com/en-us/explore-hue/affiliate-programme	\u003E Philips Hue Spain\u003Cbr\u003E Philips Hue US\u003Cbr\u003E Philips Hue UK\u003Cbr\u003E Philips Hue Canada\u003C\u002Fp\u003E \n\u003Cp\u003EGot more questions about the program? Send us an e-mail: \u003Cb\u003Epartners.philipshue@signify.com\u003C\u002Fb\u003E\u003C\u002Fp\u003E"}]},global:{locale:"en_US",paths:{icons:"\u002Fetc.clientlib
Philips Hue	partners.signify@signify.com	Creator/Partnership	https://www.philips-hue.com/en-us/explore-hue/affiliate-programme	_headline headline headline-h2-default "> Got more questions about the program? Send us an e-mail: partners.signify@signify.com <div class="experience-fragment-component experience-fragment experien
Planner 5D	design-collaboration@2x.avif	Creator/Partnership	https://planner5d.com/?planner5d=1	n> </div
Planner 5D	pr@planner5d.com	PR/Marketing	https://planner5d.com/fr/pages/press	class="hero"> Press Contact us: pr@planner5d.com Latest coverage TechCrunch Move over Ready Player One — the future of AR might be in furniture <a href='https://techcrunch.com/2019/05/28/move-over-ready-player-one-the-fu
Planner 5D	ai-studio@2x.avif	General	https://planner5d.com/?planner5d=1	-img" data-rum-target="home-hero-primary-card" srcset=" https://static.planner5d.com/assets/images/home/cards/ai-studio.avif?ux=2.5.11 1x, https://static.planner5d.com/assets/images/home/cards/ai-studio@2x.avif?ux=2.5.11 2x, " src="https://static.planner5d.com/assets/images/home/cards/ai-studio.avif?ux=2.5.11" width="288" height="288" alt=""> <div 
Planner 5D	create-floor-plans@2x.avif	General	https://planner5d.com/?planner5d=1	pan>
Planner 5D	design-your-room@2x.avif	General	https://planner5d.com/?planner5d=1	/span>
Planner 5D	design-you-home@2x.avif	General	https://planner5d.com/?planner5d=1	
Planner 5D	and-decorate@2x.avif	General	https://planner5d.com/?planner5d=1	</div
Planner 5D	design-with-ai@2x.avif	General	https://planner5d.com/?planner5d=1	I
Quince	partner@onequince.com	Creator/Partnership	https://www.quince.com/fr-ca/contact-us	{\"data\":{},\"content\":[{\"data\":{},\"marks\":[],\"value\":\"Les fabricants intéressés par des partenariats.\",\"nodeType\":\"text\"}],\"nodeType\":\"paragraph\"},{\"data\":{},\"content\":[{\"data\":{\"uri\":\"mailto:partner@onequince.com\"},\"content\":[{\"data\":{},\"marks\":[],\"value\":\"partner@onequince.com\",\"nodeType\":\"text\"}],\"node
Quince	pranay.kashyap25@gmail.com	General	https://www.quince.com/shop/women/best-sellers?utm_source=veritone&utm_medium=podcast&utm_campaign=influencer	vice_based\":false,\"secondary_exposures\":[],\"group_name\":\"Test\",\"id_type\":\"userID\",\"is_user_in_experiment\":false,\"is_experiment_active\":false},\"513633689\":{\"name\":\"513633689\",\"value\":{\"emails\":[\"pranay.kashyap25@gmail.com\",\"jatinparashar333@gmail.com\",\"jatin.parashar3502@gmail.com\"]},\"group\":\"default\",\"rule_id\":\
Quince	jatinparashar333@gmail.com	General	https://www.quince.com/shop/women/best-sellers?utm_source=veritone&utm_medium=podcast&utm_campaign=influencer	exposures\":[],\"group_name\":\"Test\",\"id_type\":\"userID\",\"is_user_in_experiment\":false,\"is_experiment_active\":false},\"513633689\":{\"name\":\"513633689\",\"value\":{\"emails\":[\"pranay.kashyap25@gmail.com\",\"jatinparashar333@gmail.com\",\"jatin.parashar3502@gmail.com\"]},\"group\":\"default\",\"rule_id\":\"default\",\"is_device_based\":
Quince	jatin.parashar3502@gmail.com	General	https://www.quince.com/shop/women/best-sellers?utm_source=veritone&utm_medium=podcast&utm_campaign=influencer	"Test\",\"id_type\":\"userID\",\"is_user_in_experiment\":false,\"is_experiment_active\":false},\"513633689\":{\"name\":\"513633689\",\"value\":{\"emails\":[\"pranay.kashyap25@gmail.com\",\"jatinparashar333@gmail.com\",\"jatin.parashar3502@gmail.com\"]},\"group\":\"default\",\"rule_id\":\"default\",\"is_device_based\":false,\"secondary_exposures\":[
Quince	affiliate@onequince.com	General	https://www.quince.com/fr-ca/contact-us	\"content\":[{\"data\":{},\"marks\":[],\"value\":\"Demandes de renseignements des médias, contenu et blogueurs \",\"nodeType\":\"text\"}],\"nodeType\":\"paragraph\"},{\"data\":{},\"content\":[{\"data\":{\"uri\":\"mailto:affiliate@onequince.com\"},\"content\":[{\"data\":{},\"marks\":[],\"value\":\"affiliate@onequince.com\",\"nodeType\":\"text\"}],\"
Quince	community@onequince.com	General	https://www.quince.com/fr-ca/contact-us	graph\"},{\"data\":{},\"content\":[{\"data\":{},\"marks\":[],\"value\":\"Influenceurs sociaux et collaborations\",\"nodeType\":\"text\"}],\"nodeType\":\"paragraph\"},{\"data\":{},\"content\":[{\"data\":{\"uri\":\"mailto:community@onequince.com\"},\"content\":[{\"data\":{},\"marks\":[{\"type\":\"underline\"}],\"value\":\"community@onequince.com\",\"
Quince	furniture@onequince.com	General	https://www.quince.com/account/my-orders-returns?trafficSource=contact-us&amp;from=cancel-or-edit-an-order&amp;showFmo=true	Thu","to":"to","to_find_the_nearest_one":"to find the nearest one.","to_return_a_furniture_item_please_contact_customer_service_at_furniture_onequince_com":"To return a furniture item, please contact customer service at furniture@onequince.com","to_v1":"To:","total":"Total","total_credit_applied":"Total Credit Applied","total_estimated_refund":"Tot
Quince	care@onequince.com	Customer Support	https://www.quince.com/shop/women/best-sellers?utm_source=veritone&utm_medium=podcast&utm_campaign=influencer	nd_verification_mail":"cannot find verification mail?","canonical":"canonical","card_expires_soon":"Your card expires soon.","card_number":"Card Number*","card_number_1":"card number","care":"CARE","care_onequince_com":"care@onequince.com","carousel_scroll_down_aria_label":"scroll product carousel thumbnail down","carousel_scroll_up_aria_label":"sc
RoomSketcher	support@roomsketcher.com	Customer Support	https://www.roomsketcher.com/newsletter/	her/"],"description":"RoomSketcher provides easy-to-use professional floor plan software for creating accurate, editable 2D and 3D floor plans, furnishing and decorating spaces, and visualizing projects in 3D.","email":"support@roomsketcher.com","telephone":"+4740000484","legalName":"RoomSketcher AS","foundingDate":"2006-12-14","vatID":"991008683",
SmartWings	info@smartwingshome.com	General	https://www.smartwingshome.com/pages/affiliate-program	shs-beacon-endpoint="https://www.smartwingshome.com/api/collect" > {"greetingMessage":"Welcome to SmartWings. How can I help?","customerServiceEmail":"info@smartwingshome.com","onlineStorePasswordProtected":false,"translations":[{"key":"agent_chat.panel.open_chat","value":"Open chat"},{"key":"agent_chat.panel.ask_anything","value":"Ask anything"},{
SmartWings	support@smartwingshome.com	Customer Support	https://www.smartwingshome.com/pages/affiliate-program	filiatly.com/af-1053474/affiliate.panel" target="_blank" rel="noopener noreferrer">AFFILIATE PANEL Questions, concerns or ideas are always welcome. Contact us at +1 877-762-7861 or email us at support@smartwingshome.com . #shopify-section-template--19296961953989__main p, #shopify-section-template--19296961953989__main ul, #shopify-se
SmartWings	service@smartwingshome.com	Customer Support	https://www.smartwingshome.com/pages/affiliate-program	e-box__text rte"> 🏠︎ 5900 Balcones Dr Ste 100 Austin, TX 78731-4298 ✉ support@smartwingshome.com ✉ service@smartwingshome.com ☎ +1 877-762-7861 (8 AM - 7 PM CST, Monday - Saturday) </motion-e
St. Frank	social@havenly.com	PR/Marketing	https://www.stfrank.com/pages/contact-us	block"> Email service@stfrank.com Share Send your collectors photos to social@havenly.com Join our trade program Enjoy VIP customer service and extra benefits as
St. Frank	press@havenly.com	PR/Marketing	https://www.stfrank.com/pages/contact-us	ling list">this form to unsubscribe from future mailings Corporate office: Press inquiries press@havenly.com General inquiries and feedback: <div
St. Frank	press@stfrank.com	PR/Marketing	https://www.stfrank.com/press	-v-322c9e52> Press For press inquiries please contact press@stfrank.com <!---
St. Frank	service@stfrank.com	Customer Support	https://www.stfrank.com/pages/contact-us	contact__info-block"> For Personal Shopping, Online Order Status, or Other Customer Service Inquiries: Email service@stfrank.com Share Send your collectors photos to social@havenly.co
The Shade Store	design@theshadestore.com	General	https://www.theshadestore.com/about-us/in-the-press	If you’d like to learn more about our products, contact our Design Experts at 800.754.1455 or design@theshadestore.com <div class=
The Shade Store	smarthome@theshadestore.com	General	https://www.theshadestore.com/customer-service/app	e Control Questions? Contact: 800.754.1455 / smarthome@theshadestore.com <div class="container faq-containe
The Shade Store	.@lw.pp	General	https://static.theshadestore.com/s3/theshadestore/cms/files/Savant.pdf	i c(qg#?LqpB2QOc&#b^c S)9%tSj;5J6c3D^1p64M-U$)%i`M`$ nQ6lW\`u'27OIV.UiaNNFhH=CKp=@K;AbTno^_R/0@PHnXW"[.BBJ pf6L_"` Gcb8S8%r.a8rUIJBO:'J)a&DroD;HHNoj@8%[c*X`Hf%X]>g endstream endobj 56 0 obj >stream 8;Z]"9m2+B&BAjC^8L.5gDfbpl-cnKjm,3S2/^QXe
The Shade Store	bn8@vu.vc	General	https://static.theshadestore.com/s3/theshadestore/cms/files/Savant.pdf	npsU.'.Eb/K` ZR:^:I8poA&+2rc,-Gk%,sB(Hl!/>^kbuKn9mC5hFW(a+Jr3H@JoCio*n p[)bN8@VU.VC LsHW4>WWMJ>dEa;OcI9ea?jN:]Arf8SC WrSu6o3PZ"YI%.X=s[k4rj6F*?dgp4[Q@hr 5 endstream endobj 58 0 obj <</BitsPerComponent 8/C
The Shade Store	hp@uo.pk	General	https://static.theshadestore.com/s3/theshadestore/cms/files/Crestron.pdf	qHcI^I#*9Uc"elCm-YL4"R 5u`p ga`?kEkRXR^X[A211fFU(9D@K"P4l'4E]I/eU%)_i]@,#lM4/))/Jk/XI?EJl"j+Z ;c[ESP=*c&g%RMAR^XiB;3V#X?BJ?ca9lM@@oCCqV7aA;gJJW%-*/J8kp>!aPZk5I lOqJgVek8:=.QKh'f[^5oEu8GYi=4)Jm9d2WEMIM:GN8+]2*5RF$o=P$,2iTf25NG I[ZqW;R]GM5nFNC^;@G
The White Company	customerservice@thewhitecompany.com	Customer Support	https://www.thewhitecompany.com/uk/help/contact-us	only use letters, numbers and basic punctuation - , . _ ! \" ; ' ? ( )"},{"fieldName":"productDetails","pattern":"^.{1,50}$","errorMessage":"Please complete this field"},{"fieldName":"blacklistedEmailAddress","pattern":"customerservice@thewhitecompany.com","errorMessage":"Please enter your email address"}],"US":[{"fieldName":"title","pattern":"^(.{
Umbra	affiliates@umbra.com	General	https://www.umbra.com/pages/affiliate-program	applied for the program, your application may not have been completed properly and/or the email might be in your spam email folder. Please email our Program Manager at affiliates@umbra.com . If you are unfamiliar with how partner marketing works, reference <a href="https://partners.accelerationpartners.com/faqs/" target="_bl